{"results": {"energy": 34.71325181571592, "forces": [[-0.20469414505760142, -0.26251173051871035, -0.5611277127467247], [-0.03991085820916851, 1.0045218923392554, 0.24537593195611862], [0.5192211731459508, -0.24028743744099224, -0.1685253475736772], [-0.3270254769874157, 0.2503089056808321, -0.24944642118030913], [0.012366094059089505, -0.6136363777672216, -0.005506283854003868], [0.3129925521004395, -0.1827501657706989, 0.18862431268971136], [0.04704335013082073, -0.3609583813754398, 0.46136531736985376], [-0.31999268918207235, 0.40531329485327383, 0.08924020333932248]], "stress": [-0.0798255115012374, -0.09124894743830403, -0.0816724206194408, 0.03873009897154778, -0.13898852310697657, 0.005557372952960438], "stds": [[0.0015472927962611473, 0.0, 0.0], [4.999669460486255e-05, 0.0, 0.0], [4.998512730890199e-05, 0.0, 0.0], [4.996325350602228e-05, 0.0, 0.0], [4.999666462685011e-05, 0.0, 0.0], [4.99934246749624e-05, 0.0, 0.0], [0.0012774950587926281, 0.0, 0.0], [0.0014567054342755974, 0.0, 0.0]]}, "parameters": {}, "_directory": ".", "prefix": null, "name": "sgp_calculator", "gp_model": {"cutoff": 5.0, "hyps_mask": null, "species_map": {"6": 0}, "variance_type": "local", "single_atom_energies": {"0": -5}, "energy_training": true, "force_training": true, "stress_training": true, "max_iterations": 20, "opt_method": "L-BFGS-B", "bounds": [[null, null], [0.001, null], [null, null], [null, null]], "hyp_labels": ["Hyp0", "Hyp1", "Hyp2", "Hyp3"], "sgp_var_flag": "new", "descriptor_calculators": [{"type": "B2", "radial_basis": "chebyshev", "cutoff_function": "quadratic", "radial_hyps": [0.0, 5.0], "cutoff_hyps": [], "descriptor_settings": [1, 8, 3]}], "hyps": [2.0, 0.001, 0.05, 0.006], "kernels": [["NormalizedDotProduct", 2.0, 2.0]], "training_structures": [{"_cell": [[3.52678, 0.0, 0.0], [0.0, 3.52678, 0.0], [0.0, 0.0, 3.52678]], "_vec1": [3.52678, 0.0, 0.0], "_vec2": [0.0, 3.52678, 0.0], "_vec3": [0.0, 0.0, 3.52678], "_cell_transpose": [[3.52678, 0.0, 0.0], [0.0, 3.52678, 0.0], [0.0, 0.0, 3.52678]], "_cell_transpose_inverse": [[0.28354476321176825, 0.0, 0.0], [0.0, 0.28354476321176825, 0.0], [0.0, 0.0, 0.28354476321176825]], "_cell_dot": [[12.4381771684, 0.0, 0.0], [0.0, 12.4381771684, 0.0], [0.0, 0.0, 12.4381771684]], "_cell_dot_inverse": [[0.08039763274481773, 0.0, 0.0], [0.0, 0.08039763274481773, 0.0], [0.0, 0.0, 0.08039763274481773]], "max_cutoff": 3.52678, "_positions": [[-0.014629932034597304, -0.03248727633064126, -0.09320942743577099], [0.8026341694731973, 0.9575321582426524, 0.9431977589738397], [0.03763017391065276, 1.7363143169990365, 1.805648661126198], [0.821241061455594, 2.692972078529182, 2.582693225195854], [1.787542988540456, -0.07117489545647011, 1.7970435961807314], [2.658193619187088, 0.9339571375827174, 2.655535419428938], [1.6870493939779025, 1.675021308434649, 0.010298426535455651], [2.628878833163893, 2.6655800794440454, 0.8611815553313242]], "_wrapped_positions": [[3.5121500679654023, 3.494292723669359, 3.433570572564229], [0.8026341694731974, 0.9575321582426526, 0.94319775897384], [0.03763017391065276, 1.7363143169990365, 1.805648661126198], [0.8212410614555941, 2.692972078529182, 2.582693225195854], [1.787542988540456, 3.4556051045435296, 1.7970435961807318], [2.658193619187088, 0.9339571375827175, 2.6555354194289382], [1.6870493939779028, 1.675021308434649, 0.010298426535455653], [2.628878833163893, 2.665580079444046, 0.8611815553313243]], "species_labels": [6, 6, 6, 6, 6, 6, 6, 6], "coded_species": [6, 6, 6, 6, 6, 6, 6, 6], "nat": 8, "prev_positions": [[-0.014629932034597304, -0.03248727633064126, -0.09320942743577099], [0.8026341694731973, 0.9575321582426524, 0.9431977589738397], [0.03763017391065276, 1.7363143169990365, 1.805648661126198], [0.821241061455594, 2.692972078529182, 2.582693225195854], [1.787542988540456, -0.07117489545647011, 1.7970435961807314], [2.658193619187088, 0.9339571375827174, 2.655535419428938], [1.6870493939779025, 1.675021308434649, 0.010298426535455651], [2.628878833163893, 2.6655800794440454, 0.8611815553313242]], "forces": [-0.009368651876164147, -0.23873628849770384, -0.4973679061072577, -0.1757371486092636, 0.851029223640669, 0.21663403284122149, 0.5148471151353867, -0.35768781422177026, -0.01007011278908122, -0.3628423233639647, 0.24452701048350373, -0.23057803463499318, -0.09020659131964158, -0.4643889262680129, 0.12407010446396065, 0.24918950829968756, 0.009869031034197576, 0.06607723623677392, -0.001684864403868001, -0.3474062600971788, 0.1601135687996308, -0.12419704386217323, 0.3027940239262939, 0.1711211111897456], "stds": [[0.0, 0.0, 0.0], [0.0, 0.0, 0.0], [0.0, 0.0, 0.0], [0.0, 0.0, 0.0], [0.0, 0.0, 0.0], [0.0, 0.0, 0.0], [0.0, 0.0, 0.0], [0.0, 0.0, 0.0]], "energy": [-5.28674898500563], "local_energies": null, "local_energy_stds": null, "partial_stresses": null, "partial_stress_stds": null, "stress": [0.24706894342821717, 0.24022670681416353, 0.24541341051966778, 0.014876511358010542, -0.04842729784156982, -0.000425544521087048], "stress_stds": null, "potential_energy": null, "mass_dict": null}], "sparse_indice": [[[1, 2, 3, 4, 5]]]}, "use_mapping": false, "mgp_model": null}